id,name,gender,language,country,emotions,model_name,image_link,voice_preview_link,user_id,clone_details,speaker_type
0,Mary,F,en,us,{Neutral},VITS_VCTK,https://vaux-contents.s3.us-east-2.amazonaws.com/profile_images/avatar_0.png, https://vaux-contents.s3.us-east-2.amazonaws.com/voice_preview/output_audio0.wav,"",,public
1,Jennifer,F,en,us,{Neutral},VITS_VCTK,https://vaux-contents.s3.us-east-2.amazonaws.com/profile_images/avatar_1.png, https://vaux-contents.s3.us-east-2.amazonaws.com/voice_preview/output_audio1.wav,"",,public
2,John,M,en,us,{Neutral},VITS_VCTK,https://vaux-contents.s3.us-east-2.amazonaws.com/profile_images/avatar_2.png, https://vaux-contents.s3.us-east-2.amazonaws.com/voice_preview/output_audio2.wav,"",,public
3,Linda,F,en,us,{Neutral},VITS_VCTK,https://vaux-contents.s3.us-east-2.amazonaws.com/profile_images/avatar_3.png, https://vaux-contents.s3.us-east-2.amazonaws.com/voice_preview/output_audio3.wav,"",,public
4,Michael,M,en,us,{Neutral},VITS_VCTK,https://vaux-contents.s3.us-east-2.amazonaws.com/profile_images/avatar_4.png, https://vaux-contents.s3.us-east-2.amazonaws.com/voice_preview/output_audio4.wav,"",,public
5,Dave,M,en,us,{Neutral},VITS_VCTK,https://vaux-contents.s3.us-east-2.amazonaws.com/profile_images/avatar_5.png, https://vaux-contents.s3.us-east-2.amazonaws.com/voice_preview/output_audio5.wav,"",,public
6,James,M,en,us,{Neutral},VITS_VCTK,https://vaux-contents.s3.us-east-2.amazonaws.com/profile_images/avatar_6.png, https://vaux-contents.s3.us-east-2.amazonaws.com/voice_preview/output_audio6.wav,"",,public
7,Rob,M,en,us,{Neutral},VITS_VCTK,https://vaux-contents.s3.us-east-2.amazonaws.com/profile_images/avatar_7.png, https://vaux-contents.s3.us-east-2.amazonaws.com/voice_preview/output_audio7.wav,"",,public
8,William,M,en,us,{Neutral},VITS_VCTK,https://vaux-contents.s3.us-east-2.amazonaws.com/profile_images/avatar_8.png, https://vaux-contents.s3.us-east-2.amazonaws.com/voice_preview/output_audio8.wav,"",,public
9,Jose,M,en,us,{Neutral},VITS_VCTK,https://vaux-contents.s3.us-east-2.amazonaws.com/profile_images/avatar_9.png, https://vaux-contents.s3.us-east-2.amazonaws.com/voice_preview/output_audio9.wav,"",,public
10,Charles,M,en,us,{Neutral},VITS_VCTK,https://vaux-contents.s3.us-east-2.amazonaws.com/profile_images/avatar_10.png, https://vaux-contents.s3.us-east-2.amazonaws.com/voice_preview/output_audio10.wav,"",,public
11,Tom,M,en,us,{Neutral},VITS_VCTK,https://vaux-contents.s3.us-east-2.amazonaws.com/profile_images/avatar_11.png, https://vaux-contents.s3.us-east-2.amazonaws.com/voice_preview/output_audio11.wav,"",,public
12,Patricia,F,en,us,{Neutral},VITS_VCTK,https://vaux-contents.s3.us-east-2.amazonaws.com/profile_images/avatar_12.png, https://vaux-contents.s3.us-east-2.amazonaws.com/voice_preview/output_audio12.wav,"",,public
13,Daniel,M,en,us,{Neutral},VITS_VCTK,https://vaux-contents.s3.us-east-2.amazonaws.com/profile_images/avatar_13.png, https://vaux-contents.s3.us-east-2.amazonaws.com/voice_preview/output_audio13.wav,"",,public
14,Matt,M,en,us,{Neutral},VITS_VCTK,https://vaux-contents.s3.us-east-2.amazonaws.com/profile_images/avatar_14.png, https://vaux-contents.s3.us-east-2.amazonaws.com/voice_preview/output_audio14.wav,"",,public
15,Elizabeth,F,en,us,{Neutral},VITS_VCTK,https://vaux-contents.s3.us-east-2.amazonaws.com/profile_images/avatar_15.png, https://vaux-contents.s3.us-east-2.amazonaws.com/voice_preview/output_audio15.wav,"",,public
16,Chris,M,en,us,{Neutral},VITS_VCTK,https://vaux-contents.s3.us-east-2.amazonaws.com/profile_images/avatar_16.png, https://vaux-contents.s3.us-east-2.amazonaws.com/voice_preview/output_audio16.wav,"",,public
17,Susan,F,en,us,{Neutral},VITS_VCTK,https://vaux-contents.s3.us-east-2.amazonaws.com/profile_images/avatar_17.png, https://vaux-contents.s3.us-east-2.amazonaws.com/voice_preview/output_audio17.wav,"",,public
18,Jessica,F,en,us,{Neutral},VITS_VCTK,https://vaux-contents.s3.us-east-2.amazonaws.com/profile_images/avatar_18.png, https://vaux-contents.s3.us-east-2.amazonaws.com/voice_preview/output_audio18.wav,"",,public
19,Sarah,F,en,us,{Neutral},VITS_VCTK,https://vaux-contents.s3.us-east-2.amazonaws.com/profile_images/avatar_19.png, https://vaux-contents.s3.us-east-2.amazonaws.com/voice_preview/output_audio19.wav,"",,public
20,Karen,F,en,us,{Neutral},VITS_VCTK,https://vaux-contents.s3.us-east-2.amazonaws.com/profile_images/avatar_20.png, https://vaux-contents.s3.us-east-2.amazonaws.com/voice_preview/output_audio20.wav,"",,public
21,Nancy,F,en,us,{Neutral},VITS_VCTK,https://vaux-contents.s3.us-east-2.amazonaws.com/profile_images/avatar_21.png, https://vaux-contents.s3.us-east-2.amazonaws.com/voice_preview/output_audio21.wav,"",,public
22,Lisa,F,en,us,{Neutral},VITS_VCTK,https://vaux-contents.s3.us-east-2.amazonaws.com/profile_images/avatar_22.png, https://vaux-contents.s3.us-east-2.amazonaws.com/voice_preview/output_audio22.wav,"",,public
23,Betty,F,en,us,{Neutral},VITS_VCTK,https://vaux-contents.s3.us-east-2.amazonaws.com/profile_images/avatar_23.png, https://vaux-contents.s3.us-east-2.amazonaws.com/voice_preview/output_audio23.wav,"",,public
24,Dorothy,F,en,us,{Neutral},VITS_VCTK,https://vaux-contents.s3.us-east-2.amazonaws.com/profile_images/avatar_24.png, https://vaux-contents.s3.us-east-2.amazonaws.com/voice_preview/output_audio24.wav,"",,public
25,Andrew,M,en,us,{Neutral},VITS_VCTK,https://vaux-contents.s3.us-east-2.amazonaws.com/profile_images/avatar_25.png, https://vaux-contents.s3.us-east-2.amazonaws.com/voice_preview/output_audio25.wav,"",,public
26,Joseph,M,en,us,{Neutral},VITS_VCTK,https://vaux-contents.s3.us-east-2.amazonaws.com/profile_images/avatar_26.png, https://vaux-contents.s3.us-east-2.amazonaws.com/voice_preview/output_audio26.wav,"",,public
27,Bran,M,en,us,{Neutral},VITS_VCTK,https://vaux-contents.s3.us-east-2.amazonaws.com/profile_images/avatar_27.png, https://vaux-contents.s3.us-east-2.amazonaws.com/voice_preview/output_audio27.wav,"",,public
29,Edward,M,en,us,{Neutral},VITS_VCTK,https://vaux-contents.s3.us-east-2.amazonaws.com/profile_images/avatar_29.png, https://vaux-contents.s3.us-east-2.amazonaws.com/voice_preview/output_audio29.wav,"",,public
30,Pal,M,en,us,{Neutral},VITS_VCTK,https://vaux-contents.s3.us-east-2.amazonaws.com/profile_images/avatar_30.png, https://vaux-contents.s3.us-east-2.amazonaws.com/voice_preview/output_audio30.wav,"",,public
31,Mark,M,en,us,{Neutral},VITS_VCTK,https://vaux-contents.s3.us-east-2.amazonaws.com/profile_images/avatar_31.png, https://vaux-contents.s3.us-east-2.amazonaws.com/voice_preview/output_audio31.wav,"",,public
32,George,M,en,us,{Neutral},VITS_VCTK,https://vaux-contents.s3.us-east-2.amazonaws.com/profile_images/avatar_32.png, https://vaux-contents.s3.us-east-2.amazonaws.com/voice_preview/output_audio32.wav,"",,public
33,Sandra,F,en,us,{Neutral},VITS_VCTK,https://vaux-contents.s3.us-east-2.amazonaws.com/profile_images/avatar_33.png, https://vaux-contents.s3.us-east-2.amazonaws.com/voice_preview/output_audio33.wav,"",,public
34,Ashley,F,en,us,{Neutral},VITS_VCTK,https://vaux-contents.s3.us-east-2.amazonaws.com/profile_images/avatar_34.png, https://vaux-contents.s3.us-east-2.amazonaws.com/voice_preview/output_audio34.wav,"",,public
35,Kimberly,F,en,us,{Neutral},VITS_VCTK,https://vaux-contents.s3.us-east-2.amazonaws.com/profile_images/avatar_35.png, https://vaux-contents.s3.us-east-2.amazonaws.com/voice_preview/output_audio35.wav,"",,public
36,Steven,M,en,us,{Neutral},VITS_VCTK,https://vaux-contents.s3.us-east-2.amazonaws.com/profile_images/avatar_36.png, https://vaux-contents.s3.us-east-2.amazonaws.com/voice_preview/output_audio36.wav,"",,public
37,Donna,F,en,us,{Neutral},VITS_VCTK,https://vaux-contents.s3.us-east-2.amazonaws.com/profile_images/avatar_37.png, https://vaux-contents.s3.us-east-2.amazonaws.com/voice_preview/output_audio37.wav,"",,public
38,Kenny,M,en,us,{Neutral},VITS_VCTK,https://vaux-contents.s3.us-east-2.amazonaws.com/profile_images/avatar_38.png, https://vaux-contents.s3.us-east-2.amazonaws.com/voice_preview/output_audio38.wav,"",,public
39,Anthony,M,en,us,{Neutral},VITS_VCTK,https://vaux-contents.s3.us-east-2.amazonaws.com/profile_images/avatar_39.png, https://vaux-contents.s3.us-east-2.amazonaws.com/voice_preview/output_audio39.wav,"",,public
40,Donald,M,en,us,{Neutral},VITS_VCTK,https://vaux-contents.s3.us-east-2.amazonaws.com/profile_images/avatar_40.png, https://vaux-contents.s3.us-east-2.amazonaws.com/voice_preview/output_audio40.wav,"",,public
41,Jason,M,en,us,{Neutral},VITS_VCTK,https://vaux-contents.s3.us-east-2.amazonaws.com/profile_images/avatar_41.png, https://vaux-contents.s3.us-east-2.amazonaws.com/voice_preview/output_audio41.wav,"",,public
42,Emily,F,en,us,{Neutral},VITS_VCTK,https://vaux-contents.s3.us-east-2.amazonaws.com/profile_images/avatar_42.png, https://vaux-contents.s3.us-east-2.amazonaws.com/voice_preview/output_audio42.wav,"",,public
43,Jeffrey,M,en,us,{Neutral},VITS_VCTK,https://vaux-contents.s3.us-east-2.amazonaws.com/profile_images/avatar_43.png, https://vaux-contents.s3.us-east-2.amazonaws.com/voice_preview/output_audio43.wav,"",,public
44,Michelle,F,en,us,{Neutral},VITS_VCTK,https://vaux-contents.s3.us-east-2.amazonaws.com/profile_images/avatar_44.png, https://vaux-contents.s3.us-east-2.amazonaws.com/voice_preview/output_audio44.wav,"",,public
45,Carol,F,en,us,{Neutral},VITS_VCTK,https://vaux-contents.s3.us-east-2.amazonaws.com/profile_images/avatar_45.png, https://vaux-contents.s3.us-east-2.amazonaws.com/voice_preview/output_audio45.wav,"",,public
46,Ryan,M,en,us,{Neutral},VITS_VCTK,https://vaux-contents.s3.us-east-2.amazonaws.com/profile_images/avatar_46.png, https://vaux-contents.s3.us-east-2.amazonaws.com/voice_preview/output_audio46.wav,"",,public
47,Amanda,F,en,us,{Neutral},VITS_VCTK,https://vaux-contents.s3.us-east-2.amazonaws.com/profile_images/avatar_47.png, https://vaux-contents.s3.us-east-2.amazonaws.com/voice_preview/output_audio47.wav,"",,public
48,Melissa,F,en,us,{Neutral},VITS_VCTK,https://vaux-contents.s3.us-east-2.amazonaws.com/profile_images/avatar_48.png, https://vaux-contents.s3.us-east-2.amazonaws.com/voice_preview/output_audio48.wav,"",,public
49,Deborah,F,en,us,{Neutral},VITS_VCTK,https://vaux-contents.s3.us-east-2.amazonaws.com/profile_images/avatar_49.png, https://vaux-contents.s3.us-east-2.amazonaws.com/voice_preview/output_audio49.wav,"",,public
50,Stephanie,F,en,us,{Neutral},VITS_VCTK,https://vaux-contents.s3.us-east-2.amazonaws.com/profile_images/avatar_50.png, https://vaux-contents.s3.us-east-2.amazonaws.com/voice_preview/output_audio50.wav,"",,public
51,Rebecca,F,en,us,{Neutral},VITS_VCTK,https://vaux-contents.s3.us-east-2.amazonaws.com/profile_images/avatar_51.png, https://vaux-contents.s3.us-east-2.amazonaws.com/voice_preview/output_audio51.wav,"",,public
52,Laura,F,en,us,{Neutral},VITS_VCTK,https://vaux-contents.s3.us-east-2.amazonaws.com/profile_images/avatar_52.png, https://vaux-contents.s3.us-east-2.amazonaws.com/voice_preview/output_audio52.wav,"",,public
53,Gary,M,en,us,{Neutral},VITS_VCTK,https://vaux-contents.s3.us-east-2.amazonaws.com/profile_images/avatar_53.png, https://vaux-contents.s3.us-east-2.amazonaws.com/voice_preview/output_audio53.wav,"",,public
54,Sharon,F,en,us,{Neutral},VITS_VCTK,https://vaux-contents.s3.us-east-2.amazonaws.com/profile_images/avatar_54.png, https://vaux-contents.s3.us-east-2.amazonaws.com/voice_preview/output_audio54.wav,"",,public
55,Timothy,M,en,us,{Neutral},VITS_VCTK,https://vaux-contents.s3.us-east-2.amazonaws.com/profile_images/avatar_55.png, https://vaux-contents.s3.us-east-2.amazonaws.com/voice_preview/output_audio55.wav,"",,public
56,Lorry,M,en,us,{Neutral},VITS_VCTK,https://vaux-contents.s3.us-east-2.amazonaws.com/profile_images/avatar_56.png, https://vaux-contents.s3.us-east-2.amazonaws.com/voice_preview/output_audio56.wav,"",,public
57,Cynthia,F,en,us,{Neutral},VITS_VCTK,https://vaux-contents.s3.us-east-2.amazonaws.com/profile_images/avatar_57.png, https://vaux-contents.s3.us-east-2.amazonaws.com/voice_preview/output_audio57.wav,"",,public
58,Kathleen,F,en,us,{Neutral},VITS_VCTK,https://vaux-contents.s3.us-east-2.amazonaws.com/profile_images/avatar_58.png, https://vaux-contents.s3.us-east-2.amazonaws.com/voice_preview/output_audio58.wav,"",,public
59,Ronald,M,en,us,{Neutral},VITS_VCTK,https://vaux-contents.s3.us-east-2.amazonaws.com/profile_images/avatar_59.png, https://vaux-contents.s3.us-east-2.amazonaws.com/voice_preview/output_audio59.wav,"",,public
60,Scottie,M,en,us,{Neutral},VITS_VCTK,https://vaux-contents.s3.us-east-2.amazonaws.com/profile_images/avatar_60.png, https://vaux-contents.s3.us-east-2.amazonaws.com/voice_preview/output_audio60.wav,"",,public
61,Eric,M,en,us,{Neutral},VITS_VCTK,https://vaux-contents.s3.us-east-2.amazonaws.com/profile_images/avatar_61.png, https://vaux-contents.s3.us-east-2.amazonaws.com/voice_preview/output_audio61.wav,"",,public
62,Helen,F,en,us,{Neutral},VITS_VCTK,https://vaux-contents.s3.us-east-2.amazonaws.com/profile_images/avatar_62.png, https://vaux-contents.s3.us-east-2.amazonaws.com/voice_preview/output_audio62.wav,"",,public
63,Brian,M,en,us,{Neutral},VITS_VCTK,https://vaux-contents.s3.us-east-2.amazonaws.com/profile_images/avatar_63.png, https://vaux-contents.s3.us-east-2.amazonaws.com/voice_preview/output_audio63.wav,"",,public
64,Amy,F,en,us,{Neutral},VITS_VCTK,https://vaux-contents.s3.us-east-2.amazonaws.com/profile_images/avatar_64.png, https://vaux-contents.s3.us-east-2.amazonaws.com/voice_preview/output_audio64.wav,"",,public
65,Shirley,F,en,us,{Neutral},VITS_VCTK,https://vaux-contents.s3.us-east-2.amazonaws.com/profile_images/avatar_65.png, https://vaux-contents.s3.us-east-2.amazonaws.com/voice_preview/output_audio65.wav,"",,public
66,Angela,F,en,us,{Neutral},VITS_VCTK,https://vaux-contents.s3.us-east-2.amazonaws.com/profile_images/avatar_66.png, https://vaux-contents.s3.us-east-2.amazonaws.com/voice_preview/output_audio66.wav,"",,public
67,Anna,F,en,us,{Neutral},VITS_VCTK,https://vaux-contents.s3.us-east-2.amazonaws.com/profile_images/avatar_67.png, https://vaux-contents.s3.us-east-2.amazonaws.com/voice_preview/output_audio67.wav,"",,public
68,Steve,M,en,us,{Neutral},VITS_VCTK,https://vaux-contents.s3.us-east-2.amazonaws.com/profile_images/avatar_68.png, https://vaux-contents.s3.us-east-2.amazonaws.com/voice_preview/output_audio68.wav,"",,public
69,Larry,M,en,us,{Neutral},VITS_VCTK,https://vaux-contents.s3.us-east-2.amazonaws.com/profile_images/avatar_69.png, https://vaux-contents.s3.us-east-2.amazonaws.com/voice_preview/output_audio69.wav,"",,public
70,Brenda,F,en,us,{Neutral},VITS_VCTK,https://vaux-contents.s3.us-east-2.amazonaws.com/profile_images/avatar_70.png, https://vaux-contents.s3.us-east-2.amazonaws.com/voice_preview/output_audio70.wav,"",,public
71,Frank,M,en,us,{Neutral},VITS_VCTK,https://vaux-contents.s3.us-east-2.amazonaws.com/profile_images/avatar_71.png, https://vaux-contents.s3.us-east-2.amazonaws.com/voice_preview/output_audio71.wav,"",,public
72,Robert,M,en,us,{Neutral},VITS_VCTK,https://vaux-contents.s3.us-east-2.amazonaws.com/profile_images/avatar_72.png, https://vaux-contents.s3.us-east-2.amazonaws.com/voice_preview/output_audio72.wav,"",,public
73,Pamela,F,en,us,{Neutral},VITS_VCTK,https://vaux-contents.s3.us-east-2.amazonaws.com/profile_images/avatar_73.png, https://vaux-contents.s3.us-east-2.amazonaws.com/voice_preview/output_audio73.wav,"",,public
74,Nicole,F,en,us,{Neutral},VITS_VCTK,https://vaux-contents.s3.us-east-2.amazonaws.com/profile_images/avatar_74.png, https://vaux-contents.s3.us-east-2.amazonaws.com/voice_preview/output_audio74.wav,"",,public
75,Ruth,F,en,us,{Neutral},VITS_VCTK,https://vaux-contents.s3.us-east-2.amazonaws.com/profile_images/avatar_75.png, https://vaux-contents.s3.us-east-2.amazonaws.com/voice_preview/output_audio75.wav,"",,public
76,Katherine,F,en,us,{Neutral},VITS_VCTK,https://vaux-contents.s3.us-east-2.amazonaws.com/profile_images/avatar_76.png, https://vaux-contents.s3.us-east-2.amazonaws.com/voice_preview/output_audio76.wav,"",,public
77,Jack,M,en,us,{Neutral},VITS_VCTK,https://vaux-contents.s3.us-east-2.amazonaws.com/profile_images/avatar_77.png, https://vaux-contents.s3.us-east-2.amazonaws.com/voice_preview/output_audio77.wav,"",,public
78,Christine,F,en,us,{Neutral},VITS_VCTK,https://vaux-contents.s3.us-east-2.amazonaws.com/profile_images/avatar_78.png, https://vaux-contents.s3.us-east-2.amazonaws.com/voice_preview/output_audio78.wav,"",,public
79,Samantha,F,en,us,{Neutral},VITS_VCTK,https://vaux-contents.s3.us-east-2.amazonaws.com/profile_images/avatar_79.png, https://vaux-contents.s3.us-east-2.amazonaws.com/voice_preview/output_audio79.wav,"",,public
80,Catherine,F,en,us,{Neutral},VITS_VCTK,https://vaux-contents.s3.us-east-2.amazonaws.com/profile_images/avatar_80.png, https://vaux-contents.s3.us-east-2.amazonaws.com/voice_preview/output_audio80.wav,"",,public
81,Matthew,M,en,us,{Neutral},VITS_VCTK,https://vaux-contents.s3.us-east-2.amazonaws.com/profile_images/avatar_81.png, https://vaux-contents.s3.us-east-2.amazonaws.com/voice_preview/output_audio81.wav,"",,public
82,David,M,en,us,{Neutral},VITS_VCTK,https://vaux-contents.s3.us-east-2.amazonaws.com/profile_images/avatar_82.png, https://vaux-contents.s3.us-east-2.amazonaws.com/voice_preview/output_audio82.wav,"",,public
83,Virginia,F,en,us,{Neutral},VITS_VCTK,https://vaux-contents.s3.us-east-2.amazonaws.com/profile_images/avatar_83.png, https://vaux-contents.s3.us-east-2.amazonaws.com/voice_preview/output_audio83.wav,"",,public
84,Debra,F,en,us,{Neutral},VITS_VCTK,https://vaux-contents.s3.us-east-2.amazonaws.com/profile_images/avatar_84.png, https://vaux-contents.s3.us-east-2.amazonaws.com/voice_preview/output_audio84.wav,"",,public
85,Christopher,M,en,us,{Neutral},VITS_VCTK,https://vaux-contents.s3.us-east-2.amazonaws.com/profile_images/avatar_85.png, https://vaux-contents.s3.us-east-2.amazonaws.com/voice_preview/output_audio85.wav,"",,public
86,Thomas,M,en,us,{Neutral},VITS_VCTK,https://vaux-contents.s3.us-east-2.amazonaws.com/profile_images/avatar_86.png, https://vaux-contents.s3.us-east-2.amazonaws.com/voice_preview/output_audio86.wav,"",,public
87,Rachel,F,en,us,{Neutral},VITS_VCTK,https://vaux-contents.s3.us-east-2.amazonaws.com/profile_images/avatar_87.png, https://vaux-contents.s3.us-east-2.amazonaws.com/voice_preview/output_audio87.wav,"",,public
88,Scott,M,en,us,{Neutral},VITS_VCTK,https://vaux-contents.s3.us-east-2.amazonaws.com/profile_images/avatar_88.png, https://vaux-contents.s3.us-east-2.amazonaws.com/voice_preview/output_audio88.wav,"",,public
89,Janet,F,en,us,{Neutral},VITS_VCTK,https://vaux-contents.s3.us-east-2.amazonaws.com/profile_images/avatar_89.png, https://vaux-contents.s3.us-east-2.amazonaws.com/voice_preview/output_audio89.wav,"",,public
90,Paul,M,en,us,{Neutral},VITS_VCTK,https://vaux-contents.s3.us-east-2.amazonaws.com/profile_images/avatar_90.png, https://vaux-contents.s3.us-east-2.amazonaws.com/voice_preview/output_audio90.wav,"",,public
91,Maria,F,en,us,{Neutral},VITS_VCTK,https://vaux-contents.s3.us-east-2.amazonaws.com/profile_images/avatar_91.png, https://vaux-contents.s3.us-east-2.amazonaws.com/voice_preview/output_audio91.wav,"",,public
92,Heather,F,en,us,{Neutral},VITS_VCTK,https://vaux-contents.s3.us-east-2.amazonaws.com/profile_images/avatar_92.png, https://vaux-contents.s3.us-east-2.amazonaws.com/voice_preview/output_audio92.wav,"",,public
93,Diane,F,en,us,{Neutral},VITS_VCTK,https://vaux-contents.s3.us-east-2.amazonaws.com/profile_images/avatar_93.png, https://vaux-contents.s3.us-east-2.amazonaws.com/voice_preview/output_audio93.wav,"",,public
94,Frances,F,en,us,{Neutral},VITS_VCTK,https://vaux-contents.s3.us-east-2.amazonaws.com/profile_images/avatar_94.png, https://vaux-contents.s3.us-east-2.amazonaws.com/voice_preview/output_audio94.wav,"",,public
95,Joyce,F,en,us,{Neutral},VITS_VCTK,https://vaux-contents.s3.us-east-2.amazonaws.com/profile_images/avatar_95.png, https://vaux-contents.s3.us-east-2.amazonaws.com/voice_preview/output_audio95.wav,"",,public
96,Kenneth,M,en,us,{Neutral},VITS_VCTK,https://vaux-contents.s3.us-east-2.amazonaws.com/profile_images/avatar_96.png, https://vaux-contents.s3.us-east-2.amazonaws.com/voice_preview/output_audio96.wav,"",,public
97,Julie,F,en,us,{Neutral},VITS_VCTK,https://vaux-contents.s3.us-east-2.amazonaws.com/profile_images/avatar_97.png, https://vaux-contents.s3.us-east-2.amazonaws.com/voice_preview/output_audio97.wav,"",,public
98,Alice,F,en,us,{Neutral},VITS_VCTK,https://vaux-contents.s3.us-east-2.amazonaws.com/profile_images/avatar_98.png, https://vaux-contents.s3.us-east-2.amazonaws.com/voice_preview/output_audio98.wav,"",,public
99,Teresa,F,en,us,{Neutral},VITS_VCTK,https://vaux-contents.s3.us-east-2.amazonaws.com/profile_images/avatar_99.png, https://vaux-contents.s3.us-east-2.amazonaws.com/voice_preview/output_audio99.wav,"",,public
100,Gloria,F,en,us,{Neutral},VITS_VCTK,https://vaux-contents.s3.us-east-2.amazonaws.com/profile_images/avatar_100.png, https://vaux-contents.s3.us-east-2.amazonaws.com/voice_preview/output_audio100.wav,"",,public
101,Emma,F,en,us,{Neutral},VITS_VCTK,https://vaux-contents.s3.us-east-2.amazonaws.com/profile_images/avatar_101.png, https://vaux-contents.s3.us-east-2.amazonaws.com/voice_preview/output_audio101.wav,"",,public
102,Evelyn,F,en,us,{Neutral},VITS_VCTK,https://vaux-contents.s3.us-east-2.amazonaws.com/profile_images/avatar_102.png, https://vaux-contents.s3.us-east-2.amazonaws.com/voice_preview/output_audio102.wav,"",,public
103,Rose,F,en,us,{Neutral},VITS_VCTK,https://vaux-contents.s3.us-east-2.amazonaws.com/profile_images/avatar_103.png, https://vaux-contents.s3.us-east-2.amazonaws.com/voice_preview/output_audio103.wav,"",,public
104,Judith,F,en,us,{Neutral},VITS_VCTK,https://vaux-contents.s3.us-east-2.amazonaws.com/profile_images/avatar_104.png, https://vaux-contents.s3.us-east-2.amazonaws.com/voice_preview/output_audio104.wav,"",,public
105,Martha,F,en,us,{Neutral},VITS_VCTK,https://vaux-contents.s3.us-east-2.amazonaws.com/profile_images/avatar_105.png, https://vaux-contents.s3.us-east-2.amazonaws.com/voice_preview/output_audio105.wav,"",,public
106,Lindsay,F,en,us,{Neutral},VITS_VCTK,https://vaux-contents.s3.us-east-2.amazonaws.com/profile_images/avatar_106.png, https://vaux-contents.s3.us-east-2.amazonaws.com/voice_preview/output_audio106.wav,"",,public
107,Joanna,F,en,us,{Neutral},VITS_VCTK,https://vaux-contents.s3.us-east-2.amazonaws.com/profile_images/avatar_107.png, https://vaux-contents.s3.us-east-2.amazonaws.com/voice_preview/output_audio107.wav,"",,public
108,Richard,M,en,us,{Neutral},VITS_VCTK,https://vaux-contents.s3.us-east-2.amazonaws.com/profile_images/avatar_109.png, https://vaux-contents.s3.us-east-2.amazonaws.com/voice_preview/output_audio108.wav,"",,public
167,Kevin,M,en,us,{Neutral},VITS_VCTK,https://vaux-contents.s3.us-east-2.amazonaws.com/profile_images/avatar_28.png, https://vaux-contents.s3.us-east-2.amazonaws.com/voice_preview/output_audio28.wav,"",,public
278,Walker,M,en,us,{Neutral},TORTOISE_VCTK,https://vaux-contents.s3.us-east-2.amazonaws.com/profile_images/avatar_13.png,https://voaux.s3.ap-south-1.amazonaws.com/voice_preview/Walker_intro.wav,"","""{\""auto_condition_link\"": \""https://voaux.s3.ap-south-1.amazonaws.com/voice_latents/Walker_N7yQagtATQ03Fl.pth\""}""",public
279,Nicholas,M,en,us,{Neutral},TORTOISE_VCTK,https://vaux-contents.s3.us-east-2.amazonaws.com/profile_images/avatar_11.png,https://voaux.s3.ap-south-1.amazonaws.com/voice_preview/Nicholas_intro.wav,"","""{\""auto_condition_link\"": \""https://voaux.s3.ap-south-1.amazonaws.com/voice_latents/Nicholas_N7yQagtATQ03Fl.pth\""}""",public
280,Leo,M,en,us,{Neutral},TORTOISE_VCTK,https://vaux-contents.s3.us-east-2.amazonaws.com/profile_images/avatar_10.png,https://voaux.s3.ap-south-1.amazonaws.com/voice_preview/Leo_intro.wav,"","""{\""auto_condition_link\"": \""https://voaux.s3.ap-south-1.amazonaws.com/voice_latents/Leo_N7yQagtATQ03Fl.pth\""}""",public
281,Julian,M,en,us,{Neutral},TORTOISE_VCTK,https://vaux-contents.s3.us-east-2.amazonaws.com/profile_images/avatar_9.png,https://voaux.s3.ap-south-1.amazonaws.com/voice_preview/Julian_intro.wav,"","""{\""auto_condition_link\"": \""https://voaux.s3.ap-south-1.amazonaws.com/voice_latents/Julian_N7yQagtATQ03Fl.pth\""}""",public
282,Ethan,M,en,us,{Neutral},TORTOISE_VCTK,https://vaux-contents.s3.us-east-2.amazonaws.com/profile_images/avatar_8.png,https://voaux.s3.ap-south-1.amazonaws.com/voice_preview/Ethan_intro.wav,"","""{\""auto_condition_link\"": \""https://voaux.s3.ap-south-1.amazonaws.com/voice_latents/Ethan_N7yQagtATQ03Fl.pth\""}""",public
283,Aaron,M,en,us,{Neutral},TORTOISE_VCTK,https://vaux-contents.s3.us-east-2.amazonaws.com/profile_images/avatar_7.png,https://voaux.s3.ap-south-1.amazonaws.com/voice_preview/Aaron_intro.wav,"","""{\""auto_condition_link\"": \""https://voaux.s3.ap-south-1.amazonaws.com/voice_latents/Aaron_N7yQagtATQ03Fl.pth\""}""",public
284,Roman,M,en,us,{Neutral},TORTOISE_VCTK,https://vaux-contents.s3.us-east-2.amazonaws.com/profile_images/avatar_6.png,https://voaux.s3.ap-south-1.amazonaws.com/voice_preview/Roman_intro.wav,"","""{\""auto_condition_link\"": \""https://voaux.s3.ap-south-1.amazonaws.com/voice_latents/Roman_N7yQagtATQ03Fl.pth\""}""",public
285,Reggie,M,en,us,{Neutral},TORTOISE_VCTK,https://vaux-contents.s3.us-east-2.amazonaws.com/profile_images/avatar_5.png,https://voaux.s3.ap-south-1.amazonaws.com/voice_preview/Reggie_intro.wav,"","""{\""auto_condition_link\"": \""https://voaux.s3.ap-south-1.amazonaws.com/voice_latents/Reggie_N7yQagtATQ03Fl.pth\""}""",public
286,Peter,M,en,us,{Neutral},TORTOISE_VCTK,https://vaux-contents.s3.us-east-2.amazonaws.com/profile_images/avatar_4.png,https://voaux.s3.ap-south-1.amazonaws.com/voice_preview/Peter_intro.wav,"","""{\""auto_condition_link\"": \""https://voaux.s3.ap-south-1.amazonaws.com/voice_latents/Peter_N7yQagtATQ03Fl.pth\""}""",public
287,Liam,M,en,us,{Neutral},TORTOISE_VCTK,https://vaux-contents.s3.us-east-2.amazonaws.com/profile_images/avatar_2.png,https://voaux.s3.ap-south-1.amazonaws.com/voice_preview/Liam_intro.wav,"","""{\""auto_condition_link\"": \""https://voaux.s3.ap-south-1.amazonaws.com/voice_latents/Liam_N7yQagtATQ03Fl.pth\""}""",public
288,Dane,M,en,us,{Neutral},TORTOISE_VCTK,https://vaux-contents.s3.us-east-2.amazonaws.com/profile_images/avatar_68.png,https://voaux.s3.ap-south-1.amazonaws.com/voice_preview/Dane_intro.wav,"","""{\""auto_condition_link\"": \""https://voaux.s3.ap-south-1.amazonaws.com/voice_latents/Dane_N7yQagtATQ03Fl.pth\""}""",public
289,Violet,F,en,us,{Neutral},TORTOISE_VCTK,https://vaux-contents.s3.us-east-2.amazonaws.com/profile_images/avatar_76.png,https://voaux.s3.ap-south-1.amazonaws.com/voice_preview/Violet_intro.wav,"","""{\""auto_condition_link\"": \""https://voaux.s3.ap-south-1.amazonaws.com/voice_latents/Violet_N7yQagtATQ03Fl.pth\""}""",public
290,Stephanie,F,en,us,{Neutral},TORTOISE_VCTK,https://vaux-contents.s3.us-east-2.amazonaws.com/profile_images/avatar_75.png,https://voaux.s3.ap-south-1.amazonaws.com/voice_preview/Stephanie_intro.wav,"","""{\""auto_condition_link\"": \""https://voaux.s3.ap-south-1.amazonaws.com/voice_latents/Stephanie_N7yQagtATQ03Fl.pth\""}""",public
291,Rachel,F,en,us,{Neutral},TORTOISE_VCTK,https://vaux-contents.s3.us-east-2.amazonaws.com/profile_images/avatar_74.png,https://voaux.s3.ap-south-1.amazonaws.com/voice_preview/Rachel_intro.wav,"","""{\""auto_condition_link\"": \""https://voaux.s3.ap-south-1.amazonaws.com/voice_latents/Rachel_N7yQagtATQ03Fl.pth\""}""",public
292,Lisa,F,en,us,{Neutral},TORTOISE_VCTK,https://vaux-contents.s3.us-east-2.amazonaws.com/profile_images/avatar_73.png,https://voaux.s3.ap-south-1.amazonaws.com/voice_preview/Lisa_intro.wav,"","""{\""auto_condition_link\"": \""https://voaux.s3.ap-south-1.amazonaws.com/voice_latents/Lisa_N7yQagtATQ03Fl.pth\""}""",public
293,Kristina,F,en,us,{Neutral},TORTOISE_VCTK,https://vaux-contents.s3.us-east-2.amazonaws.com/profile_images/avatar_37.png,https://voaux.s3.ap-south-1.amazonaws.com/voice_preview/Kristina_intro.wav,"","""{\""auto_condition_link\"": \""https://voaux.s3.ap-south-1.amazonaws.com/voice_latents/Kristina_N7yQagtATQ03Fl.pth\""}""",public
294,Jaiden,F,en,us,{Neutral},TORTOISE_VCTK,https://vaux-contents.s3.us-east-2.amazonaws.com/profile_images/avatar_21.png,https://voaux.s3.ap-south-1.amazonaws.com/voice_preview/Jaiden_intro.wav,"","""{\""auto_condition_link\"": \""https://voaux.s3.ap-south-1.amazonaws.com/voice_latents/Jaiden_N7yQagtATQ03Fl.pth\""}""",public
295,Gretchen,F,en,us,{Neutral},TORTOISE_VCTK,https://vaux-contents.s3.us-east-2.amazonaws.com/profile_images/avatar_70.png,https://voaux.s3.ap-south-1.amazonaws.com/voice_preview/Gretchen_intro.wav,"","""{\""auto_condition_link\"": \""https://voaux.s3.ap-south-1.amazonaws.com/voice_latents/Gretchen_N7yQagtATQ03Fl.pth\""}""",public
296,Emery,F,en,us,{Neutral},TORTOISE_VCTK,https://vaux-contents.s3.us-east-2.amazonaws.com/profile_images/avatar_35.png,https://voaux.s3.ap-south-1.amazonaws.com/voice_preview/Emery_intro.wav,"","""{\""auto_condition_link\"": \""https://voaux.s3.ap-south-1.amazonaws.com/voice_latents/Emery_N7yQagtATQ03Fl.pth\""}""",public
297,Chloe,F,en,us,{Neutral},TORTOISE_VCTK,https://vaux-contents.s3.us-east-2.amazonaws.com/profile_images/avatar_0.png,https://voaux.s3.ap-south-1.amazonaws.com/voice_preview/Chloe_intro.wav,"","""{\""auto_condition_link\"": \""https://voaux.s3.ap-south-1.amazonaws.com/voice_latents/Chloe_N7yQagtATQ03Fl.pth\""}""",public
298,Bridget,F,en,us,{Neutral},TORTOISE_VCTK,https://vaux-contents.s3.us-east-2.amazonaws.com/profile_images/avatar_67.png,https://voaux.s3.ap-south-1.amazonaws.com/voice_preview/Bridget_intro.wav,"","""{\""auto_condition_link\"": \""https://voaux.s3.ap-south-1.amazonaws.com/voice_latents/Bridget_N7yQagtATQ03Fl.pth\""}""",public
299,Aria,F,en,us,{Neutral},TORTOISE_VCTK,https://vaux-contents.s3.us-east-2.amazonaws.com/profile_images/avatar_66.png,https://voaux.s3.ap-south-1.amazonaws.com/voice_preview/Aria_intro.wav,"","""{\""auto_condition_link\"": \""https://voaux.s3.ap-south-1.amazonaws.com/voice_latents/Aria_N7yQagtATQ03Fl.pth\""}""",public
300,Aracely,F,en,us,{Neutral},TORTOISE_VCTK,https://vaux-contents.s3.us-east-2.amazonaws.com/profile_images/avatar_65.png,https://voaux.s3.ap-south-1.amazonaws.com/voice_preview/Aracely_intro.wav,"","""{\""auto_condition_link\"": \""https://voaux.s3.ap-south-1.amazonaws.com/voice_latents/Aracely_N7yQagtATQ03Fl.pth\""}""",public
301,Anabelle,F,en,us,{Neutral},TORTOISE_VCTK,https://vaux-contents.s3.us-east-2.amazonaws.com/profile_images/avatar_64.png,https://voaux.s3.ap-south-1.amazonaws.com/voice_preview/Anabelle_intro.wav,"","""{\""auto_condition_link\"": \""https://voaux.s3.ap-south-1.amazonaws.com/voice_latents/Anabelle_N7yQagtATQ03Fl.pth\""}""",public
302,Abbigail,F,en,us,{Neutral},TORTOISE_VCTK,https://vaux-contents.s3.us-east-2.amazonaws.com/profile_images/avatar_34.png,https://voaux.s3.ap-south-1.amazonaws.com/voice_preview/Abbigail_intro.wav,"","""{\""auto_condition_link\"": \""https://voaux.s3.ap-south-1.amazonaws.com/voice_latents/Abbigail_N7yQagtATQ03Fl.pth\""}""",public